Rank,City,Continent,Country,Population,Index Score,Safe and Connected Infrastructure,Usage and Reach,Policy and Support,Protected_km,Infra_density (km of bicycle infra/100 km of roadway),Score Bicycle Infrastructure,Public_spaces,Enclosed_spaces,Parking_density (stands/1K pop),Score Bicycle Parking,Street_km_total,Street_Km_30,Traffic_30 (% of km of roadway),Traffic Calming,Bike_trips_women_%,Score Women Modal Share,"Modal_share_2024_% 
(or nearest post-Covid)",Score Modal Share,"Modal_share_2019_% 
(or nearest pre-Covid)",Modal_delta (percentage points),Score Modal Share Increase,Cyclist_deaths,Safety_rate (rate/100K pop),Score Safety,Media_tone_70%_positive,Bicycle_brand_network_identity,School_cycling_education,Score Image of the Bicycle,Household_purchase_subsidy_yes_no,Logistics_business_subsidy_yes_no,Cargo_commercial_adoption_yes_no,Supportive_infra_standards_yes_no,Score Cargo Bikes,NGO_exists_yes_no,NGO_events_yes_no,NGO_policy_yes_no,Score Advocacy,Bicycle_budget_5yr,Spending_per_capita (€/capita/year),Score Political Commitment,Bike_share_fleet,Bike_share_trips,PT_integration_yes_no,Bike_share_cov_density (bikes/1K pop),Bike_share_usage (trips/bike/day),Bike_share_cov_score,Bike_share_usage_score,Score Bike Share,3yr_new_lanes_km,Cycling_masterplan_yes_no,Cycling_unit_yes_no,Cycling_standards_yes_no,Cycling_monitoring_yes_no,Infra_increase (km of bicycle infra/100 km of roadway),Infra_increase_score,Score Urban Planning,Lat,Lon
1,Utrecht,Europe,Netherlands,376735,71.11231179,67.14031983,64.41835749,79.16666667,330.0,27.84810127,52.88616492,76295.0,33647.0,494.3448312,87.51839043,1185.0,850.0,71.72995781,76.71870625,52.4,80.66666667,29.0,60.86956522,29.0,0.0,50.0,2.4,0.63705257,68.57833756,0,1,1,66.66666667,0,1,1,1,75,1,1,1,100.0,120000000.0,63.70525701,100.0,3762.0,1100000.0,1,9.985799036,0.801089482,4,0,55.55555556,2.1,1,1,1,1,0.17721519,1,50,52.0907006,5.1215634
2,Copenhagen,Europe,Denmark,669208,70.84421575,73.79065619,65.15804003,76.5578309,398.0,52.16251638,100.0,189000.0,0.0,564.846804,100.0,763.0,27.4,3.591087811,3.694138796,52.0,80.0,29.0,60.86956522,28.0,1.0,57.14285714,2.0,0.298860743,85.25914215,0,1,1,66.66666667,0,0,1,1,50,1,1,1,100.0,127000000.0,37.95531434,59.56465695,8180.0,3053142.0,0,12.22340438,3.628968591,4,3,77.77777778,10.0,1,1,1,1,1.31061599,4,80,55.6867243,12.5700724
3,Ghent,Europe,Belgium,270473,67.5920288,59.22135865,66.07487923,83.05379624,325.8,27.91773779,53.02109902,32467.0,18275.0,307.6425373,54.46477437,1167.0,731.0,62.63924593,66.97617159,51.5,79.16666667,33.5,70.65217391,33.5,0.0,50.0,3.2,1.183112547,41.64474827,1,1,1,100.0,0,1,1,1,75,1,1,1,100.0,45000000.0,33.27504039,52.21518495,2280.0,1032123.0,0,8.429676899,1.240234319,4,1,55.55555556,19.4,1,1,1,1,1.662382177,4,80,51.0538286,3.7250121
4,Amsterdam,Europe,Netherlands,934526,66.61735117,68.70711516,66.5410628,62.44616883,634.0,31.27775037,59.53176678,127500.0,42410.0,318.2468974,56.34216129,2027.0,1662.0,81.99309324,87.71772966,55.0,85.0,37.0,78.26086957,37.0,0.0,50.0,3.8,0.406623251,79.94391809,0,1,1,66.66666667,0,1,1,1,75,1,1,1,100.0,68900000.0,14.74544314,23.11800866,5150.0,137970.0,1,5.510815108,0.073398058,3,0,44.44444444,8.0,1,1,1,1,0.394671929,2,60,52.3730796,4.8924534
5,Paris,Europe,France,2070806,64.98508212,70.77272636,73.06970324,56.39847988,474.0,31.6,60.15618714,61294.0,5900.0,62.04733809,10.98480821,1500.0,1300.0,86.66666667,92.72640794,40.0,60.0,11.2,22.17391304,5.0,6.2,94.28571429,4.2,0.202819578,89.99622852,0,0,0,0.0,1,1,1,1,100,1,1,1,100.0,169000000.0,16.32214703,25.59391951,33029.0,56420513.0,1,15.94982823,4.680031123,4,3,88.88888889,83.0,1,1,1,1,5.533333333,6,100,48.8588897,2.320041
6,Helsinki,Europe,Finland,684018,64.90489796,60.20515673,58.31608006,80.28937239,600.0,36.85503686,70.33882729,5600.0,4510.0,22.96723186,4.066099285,1628.0,972.0,59.70515971,63.83170534,49.0,75.0,11.0,21.73913043,9.0,2.0,64.28571429,1.0,0.146194983,92.78915175,1,1,1,100.0,0,1,1,1,75,1,1,1,100.0,111500000.0,32.60148125,51.15748958,3470.0,2200000.0,1,5.072965916,1.737002092,3,1,55.55555556,14.0,1,1,1,1,0.85995086,3,70,60.1666204,24.9435408
7,Münster,Europe,Germany,322715,64.71689558,56.23844448,61.76666667,80.3235217,350.0,29.16666667,55.44113786,4829.0,6589.0,50.34473142,8.912988631,1200.0,800.0,66.66666667,71.2923667,54.3,83.83333333,47.0,100.0,43.5,3.5,75.0,1.6,0.495793502,75.5457292,1,1,1,100.0,0,0,1,1,50,1,1,1,100.0,52745296.0,32.68846877,51.29408679,0.0,0.0,0,0.0,0.0,0,0,0.0,21.8,1,1,0,1,1.816666667,4,70,51.9625101,7.6251879
8,Antwerp,Europe,Belgium,565707,64.41808544,51.2257533,75.42028986,63.85766206,610.4,26.20867325,49.70945921,20056.0,6179.0,81.82857911,14.48686237,2329.0,1608.0,69.04250751,73.83856024,55.0,85.0,38.0,80.43478261,35.2,2.8,70.0,3.8,0.671725823,66.86813138,0,1,1,66.66666667,0,1,1,1,75,1,1,1,100.0,33865262.0,11.97272157,18.76398156,4460.0,7160000.0,0,7.883939919,4.398304564,3,3,66.66666667,21.64,1,1,1,1,0.929154143,3,70,51.2211097,4.3997081
9,Bordeaux,Europe,France,265328,62.88426893,53.69441742,69.69013112,65.14318835,45.6,6.137281292,10.81729397,11407.0,3171.0,97.93538564,17.33839776,743.0,661.0,88.96366083,95.18810132,50.0,76.66666667,15.0,30.43478261,13.1,1.9,63.57142857,0.8,0.301513598,85.12829404,0,1,1,66.66666667,1,1,1,1,100,1,1,1,100.0,28675963.5,21.61548235,33.90608673,2439.0,1800000.0,1,9.192395827,2.021938028,4,2,77.77777778,4.8,1,1,1,1,0.64602961,2,60,44.841225,-0.5800364
10,Nantes,Europe,France,325070,62.77996148,55.31929344,65.16080055,68.43475731,86.0,10.98339719,20.20757147,8744.0,3088.0,63.297136,11.20607137,783.0,690.0,88.12260536,94.28674044,40.0,60.0,9.0,17.39130435,3.0,6.0,92.85714286,0.6,0.18457563,90.89608392,0,1,1,66.66666667,1,1,1,1,100,1,1,1,100.0,48760500.0,30.0,47.07236255,1230.0,1170000.0,1,3.783800412,2.606080855,2,2,55.55555556,2.6,1,1,1,1,0.332056194,2,60,47.2186371,-1.5541362
11,Bonn,Europe,Germany,340226,61.43210206,50.14741569,69.93374741,64.55287783,190.0,17.27272727,32.3943528,20000.0,865.0,120.1113378,21.26440956,1100.0,650.0,59.09090909,63.17341169,47.0,71.66666667,21.0,43.47826087,15.0,6.0,92.85714286,1.8,0.529060095,73.90490439,0,1,1,66.66666667,0,1,1,1,75,1,1,1,100.0,34212789.0,20.11180157,31.54484465,1300.0,1460000.0,1,3.820989578,3.076923077,2,3,66.66666667,5.8,1,1,1,1,0.527272727,2,60,50.7352621,7.1024635
12,The Hague,Europe,Netherlands,569387,60.97510346,55.7916718,62.30227743,65.55164969,325.0,23.87950037,45.19624076,46919.0,27655.0,213.3750858,37.77574456,1361.0,833.0,61.20499633,65.43908334,48.0,73.33333333,23.6,49.13043478,22.8,0.8,55.71428571,3.4,0.597133408,70.54729033,0,1,1,66.66666667,1,1,1,1,100,1,1,1,100.0,64500000.0,22.65594402,35.53993211,2300.0,750000.0,1,4.03943188,0.893388922,2,0,33.33333333,6.9,1,1,1,1,0.506980162,2,60,52.0799838,4.3113461
13,Strasbourg,Europe,France,291709,60.34661546,54.24959864,56.28709455,72.95563375,198.1,14.83895131,27.67844585,57848.0,2634.0,405.6439808,71.81486696,1335.0,232.6,17.42322097,18.51806442,44.0,66.66666667,14.0,28.26086957,12.0,2.0,64.28571429,0.4,0.137122955,93.23661594,1,1,1,100.0,1,1,1,1,100,1,1,1,100.0,29591894.0,20.28863971,31.82253501,386.0,58744.0,1,1.323236513,0.416949393,1,0,22.22222222,10.0,1,1,1,1,0.74906367,2,60,48.584614,7.7507127
14,Lyon,Europe,France,520774,58.91720093,53.39663412,52.16666667,77.02677704,70.8,9.452603471,17.24136552,21863.0,9110.0,101.4566779,17.96180437,749.0,552.0,73.69826435,78.82814444,40.5,60.83333333,,,,,,1.8,0.345639375,82.95185628,1,1,1,100.0,1,1,1,1,100,1,1,1,100.0,63250000.0,24.2907672,38.10710816,4700.0,12099094.0,1,9.025028131,7.052809094,4,4,100.0,14.6,1,1,1,0,1.949265688,4,70,45.7578137,4.8320114
15,Montreal,North America,Canada,1762949,58.33939932,49.17010788,60.09109731,70.52654129,523.0,12.67264357,23.48080978,11567.0,54.0,13.15296132,2.328589137,4127.0,2170.0,52.580567,56.19626464,43.0,65.0,8.0,15.2173913,4.0,4.0,78.57142857,2.2,0.124790904,93.84487583,1,1,1,100.0,1,1,1,0,75,1,1,1,100.0,68163596.0,7.73290617,12.10616518,12600.0,13009190.0,1,7.14711543,2.828699717,3,2,66.66666667,35.7,1,1,1,1,0.865035134,3,70,45.5031824,-73.5698065
16,Malmö,Europe,Sweden,365644,57.70486087,50.89470578,63.51704624,59.52610781,550.0,49.23903312,94.33519139,9500.0,5200.0,66.18459485,11.71726464,1117.0,134.0,11.99641898,12.70214954,50.4,77.33333333,27.0,56.52173913,25.0,2.0,64.28571429,1.8,0.49228211,75.71892332,0,1,0,33.33333333,0,1,1,1,75,1,1,1,100.0,52167369.0,28.5345139,44.77109789,1000.0,1100000.0,0,2.734900614,3.01369863,1,3,44.44444444,8.0,1,1,1,1,0.716204118,2,60,55.6052931,13.0001566
17,Munich,Europe,Germany,1604771,57.62016241,54.10136377,57.49247757,57.77322615,725.0,31.07586798,59.14058099,44000.0,0.0,54.83648446,9.708204786,2333.0,1640.0,70.29575654,75.1816698,49.2,75.33333333,21.0,43.47826087,18.0,3.0,71.42857143,4.4,0.274182422,86.47636329,0,1,1,66.66666667,0,1,1,1,75,1,1,1,100.0,125000000.0,15.57854672,24.42623793,4500.0,710000.0,1,2.80413841,0.432267884,1,0,22.22222222,5.47,1,1,1,0,0.234462066,1,40,48.1371079,11.5753822
18,Oslo,Europe,Norway,724300,57.23170717,45.17150323,50.59282264,76.29764097,52.0,1.386666667,1.612068469,19455.0,5351.0,61.10865663,10.81862484,3750.0,2670.0,71.2,76.15074938,42.0,63.33333333,7.0,13.04347826,6.0,1.0,57.14285714,0.4,0.055225735,97.27607345,0,1,1,66.66666667,0,1,1,1,75,1,1,1,100.0,227304347.8,62.7652486,98.52389719,3000.0,1150000.0,1,4.141930139,1.050228311,2,1,44.44444444,0.0,1,1,1,1,0.0,0,40,59.9133301,10.7389701
19,Vienna,Europe,Austria,2028289,56.6818328,55.06994996,54.95100069,66.68976829,370.9,13.24642857,24.5926281,33500.0,678.0,33.3670399,5.907272497,2800.0,1800.0,64.28571429,68.74069513,42.0,63.33333333,11.0,21.73913043,7.0,4.0,78.57142857,1.6,0.078884222,96.10915407,0,1,1,66.66666667,1,1,1,1,100,1,1,1,100.0,130000000.0,12.81868609,20.09240649,3000.0,980675.0,0,1.479079165,0.895593607,1,0,11.11111111,44.0,1,1,1,1,1.571428571,4,80,48.2083537,16.3725042
20,Bern,Europe,Switzerland,146455,56.38614474,43.19710439,64.42926156,61.22201298,18.0,4.455004455,7.557560468,4813.0,2660.0,83.88924926,14.85168167,404.04,241.05,59.65993466,63.78323756,50.0,76.66666667,19.0,39.13043478,15.0,4.0,78.57142857,0.6,0.409682155,79.79304223,0,1,1,66.66666667,0,0,1,1,50,1,1,1,100.0,13177555.0,17.99536376,28.22138527,1600.0,1694000.0,1,10.92485746,2.900684932,4,2,77.77777778,0.5,1,1,1,1,0.123750124,1,50,46.9484742,7.4521749
21,Graz,Europe,Austria,306068,55.81975948,49.14074485,52.73084886,71.57472619,126.0,10.49125729,19.25395617,3800.0,275.0,25.72957643,4.55514243,1201.0,800.0,66.61115737,71.23287727,50.0,76.66666667,19.0,39.13043478,19.3,-0.3,47.85714286,1.2,0.392069736,80.66174837,1,1,1,100.0,1,1,1,1,100,1,1,1,100.0,15920000.0,10.402917,16.29890476,24.0,,0,0.078413947,,0,0,0.0,10.0,1,1,1,1,0.832639467,3,70,47.0708678,15.4382786
22,Zürich,Europe,Switzerland,448664,55.65869868,45.30432427,48.01131815,74.2462177,62.5,9.426847662,17.1914587,21650.0,4250.0,105.9813134,18.76284201,663.0,409.0,61.6892911,65.95810305,43.8,66.33333333,11.0,21.73913043,8.0,3.0,71.42857143,1.4,0.312037516,84.60921759,0,1,1,66.66666667,0,0,0,1,25,1,1,1,100.0,129080000.0,57.53971792,90.31820414,2500.0,1000000.0,1,5.572098497,1.095890411,3,1,55.55555556,,1,1,1,1,,0,40,47.3744489,8.5410422
23,Rotterdam,Europe,Netherlands,670000,55.09995031,50.64968346,56.79986197,54.76290671,395.0,20.34614196,38.34968226,48441.0,9726.0,159.1164179,28.16983593,1941.4,1222.7,62.98032348,67.34170511,50.0,76.66666667,25.0,52.17391304,27.0,-2.0,35.71428571,2.8,0.417910448,79.38719403,0,1,1,66.66666667,0,1,1,1,75,1,1,1,100.0,26500000.0,7.910447761,12.38496017,2340.0,1000669.0,1,3.492537313,1.171606369,2,1,44.44444444,1.8,1,1,1,0,0.092716596,1,40,51.9244424,4.47775
24,Ljubljana,Europe,Slovenia,300354,54.56466892,51.75954593,55.87888199,65.28713908,362.46,21.9805943,41.51674664,5000.0,124.0,33.70689253,5.967439719,1649.0,583.0,35.35476046,37.73533226,58.5,90.83333333,13.7,27.60869565,11.0,2.7,69.28571429,1.0,0.332940464,83.57821104,0,0,1,33.33333333,0,0,1,0,25,1,1,1,100.0,36200000.0,24.10488956,37.815223,1090.0,1568030.0,1,3.629051053,3.941259269,2,3,66.66666667,76.5,1,1,0,1,4.639175258,6,90,46.0500268,14.5069289
25,Bologna,Europe,Italy,392791,54.40807193,49.12809015,56.94886128,66.73004447,109.5,12.03032301,22.2361907,5800.0,62.0,29.69008964,5.256308335,910.2,475.0,52.18633267,55.77376291,52.3,80.5,8.1,15.43478261,5.0,3.1,72.14285714,2.2,0.5600943,72.37418882,0,1,1,66.66666667,1,0,1,0,50,1,1,1,100.0,12870000.0,6.553103304,10.25351121,4300.0,3106337.0,0,10.94729767,1.979188914,4,2,66.66666667,26.0,1,1,1,1,2.856515052,5,90,44.4938203,11.3426327
26,Stockholm,Europe,Sweden,988840,53.39250233,61.15460009,45.82677709,59.79891109,825.0,31.40464408,59.77764764,22500.0,414.0,45.92654019,8.130795795,2627.0,1520.0,57.86067758,61.85497004,45.0,68.33333333,14.0,28.26086957,11.0,3.0,71.42857143,0.8,0.080902876,96.00958699,0,0,0,0.0,0,0,1,1,50,1,1,1,100.0,186496809.0,37.72032058,59.19564434,2000.0,,0,2.022571902,,1,0,11.11111111,48.18,1,1,1,1,1.834031214,4,80,59.3251172,18.0710935
27,Vitoria-Gasteiz,Europe,Spain,260774,52.19105818,54.00985173,39.35776398,75.41141944,126.32,29.51401869,56.11419892,8212.0,1395.0,68.33119866,12.09729756,428.0,63.0,14.71962617,15.6206163,38.8,58.0,8.0,15.2173913,8.2,-0.2,48.57142857,0.2,0.076694763,96.21714588,1,1,1,100.0,0,1,1,1,75,1,1,1,100.0,9700349.0,7.439659629,11.64567777,80.0,,0,0.30677905,,0,0,0.0,11.0,1,1,1,1,2.570093458,5,90,42.8465088,-2.6724025
28,Wroclaw,Europe,Poland,893506,51.34360107,67.8259914,37.43409248,60.29159864,427.67,38.16846352,72.88384295,10088.0,0.0,22.58071015,3.997669808,1120.48,691.1,61.67892332,65.94699187,45.0,68.33333333,4.7,8.043478261,6.3,-1.6,38.57142857,0.67,0.074985507,96.30145237,1,1,0,66.66666667,0,1,1,0,50,1,1,0,66.66666667,22390000.0,5.011717884,7.833061225,2534.0,1478346.0,0,2.836019008,1.598367409,1,1,22.22222222,40.18,1,1,1,1,3.585963159,6,100,51.1263106,16.9781963
29,Quebec,North America,Canada,549459,51.06797896,45.07107754,43.21400966,68.11457261,226.0,8.869701727,16.11188177,4893.0,3693.0,24.53140271,4.343018768,2548.0,1437.0,56.39717425,60.28653051,35.0,51.66666667,2.31,2.847826087,1.47,0.84,56.0,0.6,0.109198321,94.61395664,1,1,1,100.0,0,1,1,0,50,1,1,1,100.0,39355888.0,14.32532291,22.45829045,1800.0,1300000.0,1,3.275949616,1.97869102,2,2,55.55555556,16.0,1,1,0,1,0.627943485,2,50,52.4760892,-71.8258668
30,Vancouver,North America,Canada,662248,50.3209103,33.39602537,52.47826087,68.70010068,109.0,4.579831933,7.799437609,3900.0,560.0,12.62366968,2.234883794,2380.0,290.0,12.18487395,12.90411712,41.0,61.66666667,9.0,17.39130435,9.0,0.0,50.0,0.8,0.120800667,94.04168831,1,1,1,100.0,1,1,1,1,100,1,1,1,100.0,52373292.0,15.81682149,24.80040273,2600.0,1193557.0,0,3.926021672,1.257699684,2,1,33.33333333,2.5,1,1,1,1,0.105042017,1,50,49.2608724,-123.113952
31,Valencia,Europe,Spain,844424,50.21969636,55.59543776,41.13595583,57.29977118,193.43,17.82781408,33.46993978,11479.0,769.0,28.09844344,4.974524639,1084.99,854.06,78.71593287,84.20559013,40.0,60.0,5.0,8.695652174,4.1,0.9,56.42857143,0.8,0.094739136,95.32713424,1,1,1,100.0,0,0,1,0,25,1,1,0,66.66666667,6908124.78,1.636174429,2.53241806,2750.0,4768254.0,0,3.256657793,4.750439851,2,3,55.55555556,19.85,1,0,0,1,1.829509949,4,60,39.4697065,-0.3763353
32,Brussels,Europe,Belgium,198314,50.02118248,42.56094056,54.16080055,44.16666667,61.0,14.49275362,27.00762154,4064.0,1388.0,47.98450941,8.495136925,420.9,304.0,72.22618199,77.25051074,40.0,60.0,9.0,17.39130435,7.2,1.8,62.85714286,0.4,0.201700334,90.05143359,0,1,1,66.66666667,0,1,1,1,75,1,1,1,100.0,,,,1700.0,450000.0,1,8.572264187,0.725221595,4,0,55.55555556,,0,0,1,0,,0,10,50.8467372,4.352493
33,London,Europe,United Kingdom,3505912,49.70511651,49.61563557,46.28433402,51.66666667,219.3,5.072866065,8.754785648,48021.0,2000.0,27.96476352,4.95085806,4323.0,4040.0,93.45362017,100.0,38.0,56.66666667,4.1,6.739130435,4.3,-0.2,48.57142857,4.0,0.114092995,94.37253417,0,1,1,66.66666667,0,1,1,1,75,1,1,1,100.0,,,,13000.0,8537426.0,0,3.708022335,1.799246786,2,2,44.44444444,,1,1,1,1,,0,40,51.5074456,-0.1277653
34,Manchester,Europe,United Kingdom,627700,49.24361661,45.16083419,42.91028295,64.95285756,29.2,2.134502924,3.061144416,3100.0,4748.0,17.44145292,3.08782006,1368.0,944.0,69.00584795,73.79927211,28.0,40.0,7.0,13.04347826,5.0,2.0,64.28571429,1.8,0.286761192,85.85593436,0,1,1,66.66666667,0,1,1,1,75,1,1,1,100.0,66318571.0,21.13065828,33.14476357,1080.0,493339.0,0,1.72056715,1.251494165,1,1,22.22222222,5.35,1,1,1,1,0.391081871,2,60,53.4794892,-2.2451148
35,Portland,North America,United States,652503,49.09734973,50.6952073,36.957902,70.0,128.75,3.81142688,6.310505682,7679.0,4100.0,29.82055255,5.279405378,3378.0,2575.0,76.2285376,81.53984349,29.0,41.66666667,2.4,3.043478261,3.4,-1.0,42.85714286,2.6,0.398465601,80.34628193,1,1,1,100.0,1,0,1,1,75,1,1,1,100.0,,,,2400.0,550100.0,0,3.678144009,0.627968037,2,0,22.22222222,61.2,1,1,1,1,1.811722913,4,80,45.5202471,-122.674194
36,Bergen,Europe,Norway,294029,48.52858554,48.11195652,40.5010352,64.45166335,216.0,34.34022258,65.46589308,4000.0,460.0,28.77267208,5.093889508,629.0,,,,36.0,53.33333333,5.0,8.695652174,4.0,1.0,57.14285714,0.0,0.0,100.0,0,1,1,66.66666667,0,1,1,0,50,1,1,1,100.0,19826086.96,13.48580375,21.13998674,900.0,401846.0,0,3.060922562,1.223275495,2,1,33.33333333,9.5,1,1,1,0,1.510333863,4,70,60.3943055,5.3259192
37,Cologne,Europe,Germany,1090473,48.30009434,28.5414212,61.21256039,54.78282963,289.0,9.142676368,16.64082241,4000.0,900.0,8.161595931,1.444922034,3161.0,,,,48.0,73.33333333,25.0,52.17391304,18.0,7.0,100.0,3.4,0.311791305,84.62136156,1,0,1,66.66666667,0,0,1,0,25,1,1,1,100.0,43407351.0,7.961196838,12.46465186,3000.0,4400000.0,1,2.751099752,4.01826484,1,3,55.55555556,,1,1,1,1,,0,40,50.938361,6.959974
38,Christchurch,Oceania,New Zealand,412000,47.97483458,37.8892047,39.68115942,76.45525723,282.0,13.49928195,25.08257995,1500.0,9000.0,29.12621359,5.156480197,2089.0,166.0,7.946385831,8.361720663,41.0,61.66666667,4.1,6.739130435,3.4,0.7,55.0,1.6,0.388349515,80.84524272,1,1,1,100.0,0,1,1,1,75,1,1,1,100.0,47040000.0,22.83495146,35.82102893,0.0,0.0,0,0.0,0.0,0,0,0.0,25.0,1,1,1,1,1.196744854,3,70,-43.530955,172.6364343
39,Taipei,Asia,Taiwan,2490869,47.44374839,46.99349737,49.69358178,45.83333333,504.47,35.48108032,67.67652342,21426.0,13285.0,22.53711456,3.989951682,1421.8,294.1,20.68504712,22.01377023,44.0,66.66666667,3.8,6.086956522,3.7,0.1,50.71428571,4.4,0.176645179,91.28724152,0,1,1,66.66666667,0,0,1,0,25,1,1,0,66.66666667,,,,22265.0,65413995.0,1,8.938647516,8.049244314,4,4,100.0,9.66,1,0,1,1,0.679420453,2,50,25.0375198,121.5636796
40,Aarhus,Europe,Denmark,373000,47.12637838,44.22009754,41.19358178,58.89363059,685.0,31.56682028,60.09189507,14812.0,206.0,79.97319035,14.15838592,2170.0,100.0,4.608294931,4.784281764,55.5,85.83333333,13.0,26.08695652,15.0,-2.0,35.71428571,0.6,0.160857909,92.06592493,0,1,1,66.66666667,0,0,1,0,25,1,1,1,100.0,22500000.0,12.06434316,18.90785569,2000.0,,0,5.361930295,,3,0,33.33333333,10.0,1,1,0,1,0.460829493,2,50,56.1496278,10.2134046
41,Bremen,Europe,Germany,586271,46.18137435,31.82450638,48.24706694,57.5,301.0,22.19764012,41.93731448,15000.0,0.0,51.1708749,9.059248373,1356.0,,,,49.0,75.0,28.0,58.69565217,25.0,3.0,71.42857143,2.6,0.443480916,78.12596905,1,1,1,100.0,0,0,1,0,25,1,1,1,100.0,,,,1510.0,,0,2.575600703,,1,0,11.11111111,4.7,0,1,0,0,0.34660767,2,30,53.0758196,8.8071646
42,Barcelona,Europe,Spain,1733130,46.03499799,54.39397167,37.92960663,51.70927059,268.0,19.29445644,36.3118402,22118.0,594.0,25.86649588,4.579382533,1389.0,801.0,57.66738661,61.64781971,28.0,40.0,2.7,3.695652174,2.1,0.6,54.28571429,0.2,0.011539815,99.43081592,1,0,1,66.66666667,0,0,1,0,25,1,1,0,66.66666667,19538746.0,2.25473519,3.503749022,11478.0,18880048.0,0,6.622699971,4.506548084,3,3,66.66666667,28.0,0,0,1,1,2.015838733,5,70,41.3825802,2.177073
43,Niterói,South America,Brazil,481749,45.33821583,44.93831091,38.80883368,62.66527073,35.28,3.111934374,4.955105012,2163.0,815.0,10.67153227,1.889279039,1133.7,402.0,35.45911617,37.84717049,27.0,38.33333333,6.0,10.86956522,4.0,2.0,64.28571429,0.0,0.0,100.0,1,1,0,66.66666667,0,0,1,0,25,1,1,1,100.0,6183732.0,2.567200762,3.994416235,600.0,1500000.0,0,1.245461848,6.849315068,1,4,55.55555556,16.06,1,1,1,1,1.416600512,4,80,-22.8884,-43.1147
44,Minneapolis,North America,United States,429954,45.21495148,50.80139709,31.33219462,59.28160267,221.0,11.21275311,20.65199248,2780.0,22529.0,65.33024463,11.5660112,1970.97,1265.79,64.22167765,68.67206693,25.45,35.75,1.2,0.434782609,3.0,-1.8,37.14285714,0.6,0.139549812,93.11691483,1,1,1,100.0,0,0,1,1,50,1,1,0,66.66666667,14370000.0,6.684436009,10.45974401,2500.0,304821.0,0,5.814575513,0.334050411,3,0,33.33333333,21.3,1,0,1,1,1.08068616,3,60,44.9772995,-93.2654692
45,Tampere,Europe,Finland,263260,44.9634951,51.72926217,43.28433402,39.86436383,179.0,19.88888889,37.46366688,5559.0,40.0,42.38395503,7.503619517,900.0,599.0,66.55555556,71.17328869,52.0,80.0,11.0,21.73913043,7.0,4.0,78.57142857,0.4,0.151941047,92.50573577,0,0,0,0.0,0,0,1,0,25,1,1,0,66.66666667,35900000.0,27.27341791,42.79078867,700.0,230000.0,0,2.65896832,0.900195695,1,0,11.11111111,6.2,1,0,1,1,0.688888889,2,50,61.4977929,23.7616372
46,Glasgow,Europe,United Kingdom,631970,44.26419056,46.24907628,42.17115252,55.83333333,241.4,13.22739726,24.55575129,,1550.0,,,1825.0,340.0,18.63013699,19.8115188,31.0,45.0,3.0,4.347826087,1.0,2.0,64.28571429,0.4,0.063294144,96.8781113,1,0,1,66.66666667,1,1,1,0,75,1,1,0,66.66666667,,,,1189.0,470372.0,0,1.881418422,1.083843912,1,1,22.22222222,67.6,1,0,1,1,3.704109589,6,90,55.861155,-4.2501687
47,Wellington,Oceania,New Zealand,209905,44.19300564,39.66190506,31.78302277,74.32110852,37.4,5.342857143,9.27794506,650.0,,,,700.0,60.0,8.571428571,9.031580257,39.2,58.66666667,2.1,2.391304348,2.4,-0.3,47.85714286,0.0,0.0,100.0,0,0,1,33.33333333,0,0,1,1,50,1,1,1,100.0,56133880.0,53.48503371,83.95110076,200.0,29793.0,0,0.952811986,0.408123288,0,0,0.0,14.4,1,1,0,1,2.057142857,5,80,-41.2887953,174.7772114
48,Fukuoka,Asia,Japan,1669707,43.3254652,24.91243514,48.22705314,56.88340154,61.0,1.541377132,1.91184962,51511.0,64473.0,100.3140072,17.75950691,3957.5,,,,56.0,86.66666667,12.0,23.91304348,12.0,0.0,50.0,8.5,0.509071352,74.89081917,1,1,1,100.0,0,0,1,0,25,1,1,0,66.66666667,164300000.0,19.68009956,30.8669395,4700.0,9600000.0,0,2.814865123,5.596036141,1,4,55.55555556,,1,1,1,0,,0,30,33.6251241,130.6180016
49,Dublin,Europe,Ireland,592713,43.08947333,35.30316207,50.06280193,55.83333333,92.4,9.638051528,17.60070664,6832.0,508.0,23.91039171,4.233075506,958.7,580.0,60.49859184,64.6820282,31.0,45.0,6.0,10.86956522,6.0,0.0,50.0,,,,0,0,1,33.33333333,1,1,1,1,100,1,1,1,100.0,,,,1600.0,2000000.0,0,2.699451505,3.424657534,1,3,44.44444444,23.7,1,1,1,1,2.472097632,5,90,53.3493795,-6.2605593
50,Vilnius,Europe,Lithuania,633350,42.87415603,38.50047705,39.06832298,62.38000705,180.7,7.482401656,13.42372224,3900.0,806.0,13.58806347,2.405619254,2415.0,104.0,4.306418219,4.46075987,38.0,56.66666667,4.64,7.913043478,1.5,3.14,72.42857143,1.0,0.157890582,92.21228389,0,0,1,33.33333333,0,0,1,0,25,1,1,1,100.0,73050000.0,23.067814,36.18669487,2030.0,485000.0,1,3.205178811,0.654565085,2,0,33.33333333,40.0,1,1,1,1,1.6563147,4,80,54.6870458,25.2829111
51,Bogotá,South America,Colombia,7940000,42.6535582,35.67442711,34.77508627,65.56217243,471.8,6.142029552,10.82649463,21452.0,42356.0,10.73803526,1.901052673,7681.5,3692.7,48.07264206,51.3651122,26.7,37.83333333,6.7,12.39130435,6.5,0.2,51.42857143,73.6,0.926952141,54.27947607,1,1,1,100.0,0,0,1,1,50,1,1,1,100.0,57783000.0,1.455491184,2.2486897,3000.0,1668348.0,1,0.377833753,1.523605479,0,1,22.22222222,40.8,1,1,1,1,0.53114626,2,60,4.6533817,-74.0836331
52,Seville,Europe,Spain,687488,42.36886262,42.66145519,39.47922705,40.02295072,185.87,14.8339984,27.66884864,3051.0,312.0,9.32961739,1.651707565,1253.0,890.0,71.02952913,75.9680554,41.0,61.66666667,3.38,5.173913043,3.38,0.0,50.0,1.67,0.242913331,88.01866433,1,0,1,66.66666667,0,0,1,0,25,1,1,0,66.66666667,14875174.0,4.327398878,6.75846956,4000.0,3406061.0,0,5.818283374,2.332918493,3,2,55.55555556,2.4,1,0,0,0,0.191540303,1,20,37.3886303,-5.9953403
53,Poznań,Europe,Poland,716800,42.12786828,47.66863558,26.19875776,62.08133022,250.28,23.26022305,43.99627237,,,,,1076.0,328.9,30.5669145,32.60418787,,,10.0,19.56521739,8.4,1.6,61.42857143,1.2,0.167410714,91.74271763,1,1,0,66.66666667,0,1,1,0,50,1,1,1,100.0,26693357.0,7.44792327,11.65865423,0.0,0.0,0,0.0,0.0,0,0,0.0,17.13,1,1,1,0,1.592007435,4,70,52.4006632,16.9197326
54,San Francisco,North America,United States,836321,41.85214813,37.92476425,34.84334023,62.5593508,252.67,11.15068227,20.53171835,10336.0,570.0,25.39933829,4.496677349,2265.96,88.51,3.906070716,4.031706625,35.0,51.66666667,2.1,2.391304348,2.0,0.1,50.71428571,1.6,0.191314101,90.56371895,0,0,1,33.33333333,0,0,1,0,25,1,1,1,100.0,125000000.0,29.89282823,46.90406986,3630.0,3035054.0,0,4.340438659,2.290693234,2,2,44.44444444,32.2,1,1,0,1,1.421031263,4,70,37.7879363,-122.4075201
55,Toronto,North America,Canada,2794356,41.64511999,34.45667805,45.89095928,49.91209331,110.0,1.903114187,2.61278443,10013.0,18150.0,13.66182405,2.418677764,5780.0,666.0,11.52249135,12.19424032,30.0,43.33333333,4.4,7.391304348,3.1,1.3,59.28571429,2.8,0.100201979,95.05768771,0,0,1,33.33333333,0,1,1,1,75,1,1,1,100.0,56516060.0,4.045015023,6.31503991,9000.0,6900000.0,0,3.220777882,2.100456621,2,2,44.44444444,24.9,1,1,1,1,0.430795848,2,60,43.6534817,-79.3839347
56,Zaragoza,Europe,Spain,686986,41.51251799,47.03071046,26.22222222,55.84951762,160.0,14.29592566,26.62622967,11748.0,257.0,34.57566821,6.121247029,1119.2,548.9,49.04395997,52.4060756,41.0,61.66666667,,,3.4,,,0.0,0.0,100.0,1,0,1,66.66666667,0,0,1,0,25,1,1,1,100.0,14805108.0,4.310162944,6.731403833,2500.0,1416275.0,1,3.639084348,1.552082192,2,1,44.44444444,20.87,1,0,0,0,1.864724803,4,50,41.6521342,-0.8809428
57,Budapest,Europe,Hungary,1682426,41.15227278,38.14785462,34.91373361,52.41790125,221.0,4.58411118,7.80772947,13000.0,240.0,15.59652549,2.76119567,4821.0,2025.0,42.00373367,44.86105055,,,5.0,8.695652174,2.0,3.0,71.42857143,1.6,0.095100765,95.30929741,0,1,1,66.66666667,0,0,1,1,50,1,1,1,100.0,16295000.0,1.937083711,3.004938338,2460.0,3600000.0,0,1.462174265,4.009355162,1,3,44.44444444,6.0,1,1,0,1,0.124455507,1,40,47.4978789,19.0402383
58,Seoul,Asia,South Korea,9602826,40.63646278,45.79992009,33.07798482,40.9711229,1099.2,13.19567827,24.49428968,123529.0,0.0,25.72763476,4.554798678,8330.0,6247.5,75.0,80.22321722,38.0,56.66666667,1.8,1.739130435,1.6,0.2,51.42857143,20.0,0.208272023,89.72729486,0,0,1,33.33333333,0,0,0,0,0,1,1,1,100.0,17980000.0,0.374473098,0.551158265,45000.0,43850000.0,1,4.686120523,2.669710807,2,2,55.55555556,,1,1,0,1,,0,30,37.5666791,126.9782914
59,Kyoto,Asia,Japan,1463723,40.35381766,29.8781408,41.24637681,54.74426039,45.0,1.237283475,1.322609932,0.0,59250.0,40.47897041,7.166362653,3637.0,,,,56.0,86.66666667,21.5,44.56521739,21.5,0.0,50.0,2.7,0.184461131,90.90173141,0,1,1,66.66666667,0,0,1,0,25,1,1,1,100.0,10939671.0,1.494773396,2.310374876,,,0,,,0,0,0.0,5.0,1,1,1,1,0.137475942,1,50,35.0115754,135.7681441
60,Singapore,Asia,Singapore,6040000,40.07164791,45.06723107,22.3236715,68.49422749,730.0,20.33426184,38.32666225,100000.0,0.0,33.11258278,5.862223624,3590.0,15.0,0.417827298,0.293348962,28.0,40.0,2.0,2.173913043,,,,11.2,0.185430464,90.85392053,0,1,1,66.66666667,0,0,1,0,25,1,1,1,100.0,333618050.0,11.0469553,17.3102433,55000.0,12800000.0,0,9.105960265,0.637608966,4,0,44.44444444,230.0,1,1,1,0,6.406685237,6,90,1.357107,103.8194992
61,Bristol,Europe,United Kingdom,494399,39.48989743,42.3515111,20.32222222,60.0,8.623,0.705069501,0.291343447,328.0,1286.0,3.928001472,0.695410055,1223.0,946.0,77.35077678,82.74254954,13.3,15.5,,,10.0,,,1.2,0.242718938,88.02825248,1,1,1,100.0,0,1,1,1,75,1,1,1,100.0,,,,502.0,,0,1.015374222,,1,0,11.11111111,,1,1,1,1,,0,40,51.4538022,-2.5972985
62,Warsaw,Europe,Poland,1862000,39.36908999,53.29275277,28.22222222,46.05582374,639.0,25.256917,47.86524923,31500.0,45000.0,58.00214823,10.26865122,2530.0,785.0,31.02766798,33.09797833,32.0,46.66666667,,,,,,1.8,0.096670247,95.23188507,0,0,0,0.0,0,1,1,0,50,1,1,1,100.0,25257609.0,2.71295478,4.223294946,3470.0,4790000.0,0,1.86358754,3.781927283,1,3,44.44444444,37.8,1,1,1,1,1.494071146,4,80,52.2333742,21.0711489
63,Gdansk,Europe,Poland,488651,38.89908312,53.78513902,33.03795721,35.39314986,137.9,14.36458333,26.75926706,9625.0,500.0,40.41739401,7.15546122,960.0,619.9,64.57291667,69.04849051,34.0,50.0,4.3,7.173913043,5.9,-1.6,38.57142857,0.4,0.081858013,95.96247629,1,0,1,66.66666667,0,0,1,0,25,0,0,0,0.0,7690562.0,3.147670628,4.905932755,2226.0,1988876.0,0,4.555398434,2.447877512,2,2,44.44444444,7.9,1,1,1,1,0.822916667,3,70,54.4288032,18.798327
64,Washington D.C.,North America,United States,702250,38.79019901,33.05584426,32.88336784,61.14413167,68.4,3.695299838,6.085487302,12000.0,0.0,34.1758633,6.050465906,1851.0,,,,27.0,38.33333333,1.9,1.956521739,2.8,-0.9,43.57142857,2.4,0.341758633,83.14326807,0,0,1,33.33333333,0,0,1,0,25,1,1,1,100.0,92303325.0,26.28788181,41.24319336,15231.0,9202489.0,0,21.68885724,1.65532786,4,1,55.55555556,27.0,1,1,1,0,1.458670989,4,70,38.8950368,-77.0365427
65,Brno,Europe,Czech Republic,402739,38.65830803,37.5368977,35.24706694,47.15954529,41.46,4.113095238,6.895045891,249.0,6.0,1.251430827,0.221552254,1008.0,312.0,30.95238095,33.01729307,25.0,35.0,5.0,8.695652174,2.0,3.0,71.42857143,0.2,0.049659953,97.55059729,0,0,1,33.33333333,0,0,1,1,50,1,1,1,100.0,6850000.0,3.401706813,5.304847829,650.0,200000.0,0,1.613948488,0.842992624,1,0,11.11111111,7.7,0,1,0,1,0.763888889,3,50,49.1922443,16.6113382
66,Lisbon,Europe,Portugal,591129,37.03098062,34.77579747,32.3436853,51.45133355,173.0,14.25041186,26.53803797,2466.0,240.0,8.749359277,1.54897916,1214.0,77.1,6.350906096,6.651841742,14.0,16.66666667,1.9,1.956521739,1.7,0.2,51.42857143,2.5,0.422919532,79.14012847,0,0,1,33.33333333,0,0,1,0,25,1,1,1,100.0,23544304.0,7.965876822,12.47200088,3050.0,3152573.0,1,5.15961829,2.831864361,3,2,66.66666667,7.0,1,1,1,1,0.57660626,2,60,38.7077507,-9.1365919
67,Ottawa,North America,Canada,1017449,35.95399802,30.49051461,33.78467909,49.00650143,54.9,0.55471355,0.0,2480.0,70.0,4.943736738,0.875234967,9897.0,339.0,3.425280388,3.516442639,33.0,48.33333333,3.9,6.304347826,1.9,2.0,64.28571429,0.4,0.03931401,98.06089544,0,0,1,33.33333333,0,1,1,0,50,1,1,1,100.0,41239265.0,8.10640435,12.69267239,0.0,0.0,0,0.0,0.0,0,0,0.0,3.5,1,1,1,1,0.035364252,1,50,45.4208777,-75.6901106
68,Lodz,Europe,Poland,645693,35.65187645,55.48489234,9.879227053,54.16344922,260.4,20.2173913,38.10020322,2496.0,554.0,8.589221193,1.520628449,1288.0,770.0,59.7826087,63.91470758,,,2.0,2.173913043,,,,0.8,0.12389789,93.88892244,1,0,1,66.66666667,0,0,1,0,25,1,1,0,66.66666667,6902509.0,2.138015744,3.320463533,1350.0,547831.0,0,2.090776886,1.111782851,1,1,22.22222222,41.8,1,1,1,0,3.245341615,5,80,51.7687323,19.4569911
69,Fortaleza,South America,Brazil,2578483,35.51331892,30.53083584,34.15113872,52.06581829,166.6,3.786363636,6.261940849,704.0,224.0,0.632930293,0.112053443,4400.0,,,,19.0,25.0,5.4,9.565217391,5.0,0.4,52.85714286,12.4,0.480902918,76.2801849,1,0,0,33.33333333,0,1,1,0,50,1,1,1,100.0,40778177.0,3.162958763,4.929939837,993.0,1075980.0,1,0.38511016,2.968671109,0,2,33.33333333,63.54,1,1,1,0,1.444090909,4,70,-3.7304512,-38.5217989
70,Philadelphia,North America,United States,1573916,35.40134126,27.73085787,30.97929607,56.66666667,48.0,1.158301158,1.169566569,3000.0,0.0,3.812147535,0.674899372,4144.0,,,,33.0,48.33333333,1.5,1.086956522,1.9,-0.4,47.14285714,7.4,0.470164863,76.8098234,0,1,1,66.66666667,0,0,1,0,25,1,1,1,100.0,,,,2200.0,1300000.0,1,1.39778743,1.618929016,1,1,33.33333333,16.0,1,1,1,1,0.386100386,2,60,39.9527237,-75.1635262
71,Nagoya,Asia,Japan,2337864,35.17832542,24.39255425,40.27536232,40.9946619,86.7,1.373356566,1.5862776,0.0,95800.0,40.97757611,7.254635385,6313.0,,,,63.0,98.33333333,13.9,28.04347826,13.9,0.0,50.0,8.0,0.342192702,83.12185824,0,1,1,66.66666667,0,0,1,0,25,1,1,0,66.66666667,1015646.0,0.434433312,0.645314273,,,0,,,0,0,0.0,,1,1,1,0,,0,30,35.1851045,136.8998438
72,Tokyo,Asia,Japan,9873999,34.99195829,26.09503359,38.2173913,40.83333333,111.0,0.926776321,0.720942864,0.0,525149.0,53.18503678,9.415833888,11977.0,,,,58.0,90.0,13.0,26.08695652,13.0,0.0,50.0,27.8,0.195882466,90.33839119,0,1,1,66.66666667,0,0,1,0,25,1,1,0,66.66666667,,,,,,0,,,0,0,0.0,,1,1,1,0,,0,30,35.6768601,139.7638947
73,Guadalajara,South America,Mexico,1385629,34.85824611,30.60205109,26.5589372,54.3380645,129.05,4.763750461,8.155814975,1321.0,494.0,2.263232077,0.400680691,2709.0,331.6,12.24067922,12.96392374,34.0,50.0,2.03,2.239130435,,,,5.2,0.375280829,81.48983602,1,0,1,66.66666667,0,0,1,0,25,1,1,1,100.0,3187518.0,0.460082461,0.685591339,2760.0,4645508.0,1,1.99187517,4.61138376,1,3,55.55555556,20.77,1,0,0,1,0.766703581,3,50,20.6720375,-103.338396
74,Osaka,Asia,Japan,2788758,34.7608248,31.67342465,44.56521739,27.67437804,240.0,6.528835691,11.57600559,0.0,218416.0,78.32016977,13.86573655,3676.0,,,,64.0,100.0,23.0,47.82608696,23.0,0.0,50.0,4.0,0.143433026,92.92538112,0,1,1,66.66666667,0,0,1,0,25,0,0,0,0.0,14447995.0,2.590399561,4.030845497,,,0,,,0,0,0.0,,1,1,1,1,,0,40,34.6937569,135.5014539
75,Buenos Aires,South America,Argentina,3121707,32.90871404,36.44464409,29.11801242,37.5,311.9,12.476,23.09977522,1351.0,0.0,0.865552084,0.153236608,2500.0,434.0,17.36,18.45031038,23.0,31.66666667,3.9,6.304347826,4.0,-0.1,49.28571429,6.0,0.192202535,90.51989825,0,0,1,33.33333333,0,0,1,0,25,1,1,0,66.66666667,366578.19,0.023485753,0.0,4000.0,3462480.0,0,1.281350236,2.371561644,1,2,33.33333333,31.6,1,0,0,0,1.264,4,50,-34.6095579,-58.3887904
76,Santiago,South America,Chile,436856,31.65689167,27.97389488,34.33402346,32.5,59.61,10.30958146,18.90192447,,0.0,,,578.2,,,,19.0,25.0,7.5,14.13043478,4.5,3.0,71.42857143,0.8,0.183126705,90.96754995,0,0,1,33.33333333,0,1,1,0,50,1,1,0,66.66666667,,,,1225.0,420000.0,0,2.804127676,0.939334638,1,0,11.11111111,0.1,1,0,0,1,0.017295054,1,30,-33.4376995,-70.6510671
77,Luxembourg City,Europe,Luxembourg,136208,31.64110234,46.71131052,15.55555556,42.5,25.5,6.52173913,11.56225465,230.0,860.0,9.691060731,1.715697188,391.0,184.0,47.05882353,50.27860078,,,,,,,,0.0,0.0,100.0,0,0,1,33.33333333,0,0,0,0,0,1,1,0,66.66666667,,,,1708.0,1575941.0,1,12.53964525,2.527896121,4,2,77.77777778,10.0,1,0,1,0,2.557544757,5,70,49.5999681,6.1342493
78,Gothenburg,Europe,Sweden,608993,30.08060373,25.89184375,45.00207039,16.64456946,545.0,,,12700.0,600.0,42.69342997,7.5584087,,,,,40.0,60.0,9.0,17.39130435,7.0,2.0,64.28571429,1.0,0.1642055,91.90081003,0,0,0,0.0,0,1,1,0,50,0,0,0,0.0,71000000.0,23.31718099,36.57827785,2256.0,666000.0,0,3.704476078,1.042661448,2,1,33.33333333,,1,1,0,1,,0,30,57.7072326,11.9670171
79,Milan,Europe,Italy,1407044,29.49517852,35.21711511,20.94202899,40.66040007,120.0,6.168080185,10.87697272,8058.0,358.0,11.70823372,2.072815785,1945.5,362.0,18.60704189,19.78676774,,,7.0,13.04347826,,,,4.75,0.337587169,83.34901929,0,0,0,0.0,0,0,1,0,25,1,1,1,100.0,12000000.0,1.705703589,2.641600261,14630.0,5675159.0,1,10.39768479,1.062773809,4,1,66.66666667,17.0,1,1,0,1,0.87381136,3,60,45.4641943,9.1896346
80,Canberra,Oceania,Australia,473855,28.34988427,27.91820283,17.75362319,47.54734136,,,,1548.0,,,,2730.0,,,,27.0,38.33333333,1.2,0.434782609,1.2,0.0,50.0,1.0,0.211035021,89.59101413,0,0,1,33.33333333,0,0,0,0,0,1,1,1,100.0,10400000.0,4.389528442,6.856032116,55.0,,0,0.116069262,,0,0,0.0,1.0,1,1,1,1,0.036630037,1,50,-35.2975906,149.1012676
81,Mexico City,South America,Mexico,9354487,28.05246751,31.09598709,35.08605935,23.44296134,540.0,4.045225622,6.763535515,,2276.0,,,13349.07,,,,23.0,31.66666667,2.64,3.565217391,1.29,1.35,59.64285714,21.4,0.228767222,88.71639995,0,0,1,33.33333333,0,0,1,0,25,0,0,0,0.0,14159793.0,0.302737991,0.438512046,9308.0,22240000.0,1,0.995030513,6.546143839,0,4,55.55555556,61.23,1,1,1,1,0.458683639,2,60,19.3207722,-99.1514678
82,Medellín,South America,Colombia,2630000,27.9823005,29.40754387,23.11890959,35.28440979,80.0,3.771805752,6.23373216,302.0,210.0,0.309505703,0.054794628,2121.0,55.0,2.593116455,2.624610836,11.1,11.83333333,2.0,2.173913043,1.0,1.0,57.14285714,1.0,0.038022814,98.12458175,0,0,1,33.33333333,0,0,0,0,0,1,1,0,66.66666667,9835602.0,0.747954525,1.137639167,920.0,1525700.0,1,0.349809886,4.543478261,0,3,44.44444444,0.45,1,1,1,0,0.021216407,1,40,6.2697325,-75.6025597
83,Quelimane,Africa,Mozambique,347907,27.36189529,2.0,29.06832298,52.59075596,16.4,,,0.0,0.0,0.0,0.0,,13.0,,,,,12.0,23.91304348,9.0,3.0,71.42857143,,,,1,1,1,100.0,0,1,1,0,50,1,1,1,100.0,443000.0,0.254665758,0.363023831,0.0,0.0,0,0.0,0.0,0,0,0.0,16.4,1,0,0,0,,0,10,-17.87751,36.890216
84,Novi Sad,Europe,Serbia,260438,27.10286855,4.171847035,38.24416839,40.06430351,140.0,,,632.0,0.0,4.853362413,0.859235173,,,,,51.6,79.33333333,9.9,19.34782609,9.0,0.9,56.42857143,,,,1,0,0,33.33333333,0,0,1,0,25,1,1,1,100.0,5772264.0,4.432735622,6.9238807,300.0,,0,1.151905636,,1,0,11.11111111,,1,1,0,0,,0,20,45.2551338,19.8451756
85,Dubai,Asia,United Arab Emirates,3863600,25.82178845,33.28208612,25.66839199,22.73271481,560.5,12.1241618,22.41802134,1500.0,0.0,0.776477896,0.137466989,4623.0,72.0,1.55743024,1.514663784,,,1.84,1.826086957,0.85,0.99,57.07142857,6.0,0.155295579,92.3402785,0,0,0,0.0,0,0,1,0,25,1,0,0,33.33333333,93918800.0,4.861724816,7.597525898,2000.0,3544495.0,1,0.517651931,4.855472603,0,3,44.44444444,17.3,1,1,1,0,0.374215877,2,50,25.0742823,55.1885387
86,Lima,South America,Peru,10292408,25.54145956,28.07790742,11.6,43.41235928,142.98,0.831071302,0.535496063,837.0,74.0,0.16983392,0.030067253,17204.3,812.0,4.719750295,4.903728707,23.8,33.0,1.0,0.0,,,,10.6,0.102988533,94.9202451,0,0,1,33.33333333,0,0,1,0,25,1,1,1,100.0,11567958.0,0.224786231,0.316103768,640.0,,0,0.062181756,,0,0,0.0,11.86,1,1,1,0,0.068936254,1,40,-12.0459808,-77.0305912
87,Ahmedabad,Asia,India,8159000,23.39775381,28.09502947,12.73913043,35.0,127.01,3.904395942,6.490651043,,,,,3253.0,90.0,2.766676914,2.810615937,4.0,0.0,18.8,38.69565217,,,,14.6,0.178943498,91.17388038,0,1,0,33.33333333,0,0,1,0,25,1,1,0,66.66666667,,,,2500.0,424313.0,0,0.306410099,0.465000548,0,0,0.0,43.98,0,0,0,0,1.351982785,4,40,23.0215374,72.5800568
88,Rosario,South America,Argentina,1030069,23.13993451,21.49716306,18.66666667,27.5,196.0,8.558951965,15.5097446,290.0,420.0,0.970808752,0.17187116,2290.0,3.3,0.144104803,0.0,40.0,60.0,,,5.3,,,3.8,0.368907326,81.80419952,0,0,1,33.33333333,0,0,0,0,0,1,1,0,66.66666667,,,,640.0,808453.0,0,0.621317601,3.460843322,0,3,33.33333333,,1,0,0,0,,0,10,-32.9593609,-60.6617024
89,Cali,South America,Colombia,2290000,23.03960526,21.56964035,11.66666667,45.83333333,112.2,3.578947368,5.860032113,390.0,806.0,0.692576419,0.122613143,3135.0,33.0,1.052631579,0.973670018,24.0,33.33333333,,,4.5,,,22.8,0.995633188,50.89188646,1,0,1,66.66666667,0,0,1,0,25,1,1,0,66.66666667,,,,0.0,0.0,0,0.0,0.0,0,0,0.0,8.91,1,1,1,0,0.284210526,2,50,3.4108435,-76.5812127
90,Zagreb,Europe,Croatia,767131,21.82846816,27.58688984,2.222222222,43.68113144,197.73,7.791394121,14.02245431,2161.0,70.0,5.725228155,1.013589546,2537.8,25.0,0.985105209,0.901301869,,,,,3.0,,,2.8,0.36499633,81.99710349,0,1,1,66.66666667,0,0,0,0,0,1,1,0,66.66666667,3488228.0,0.909421728,1.391192422,2300.0,70307.0,0,2.998184143,0.08374866,1,0,11.11111111,5.8,0,1,1,1,0.228544409,1,40,45.8130967,15.9772795
91,Leon,South America,Mexico,1924771,21.60961706,22.4800477,20.20496894,21.87498464,245.0,,,436.0,84.0,0.496682462,0.087932243,,,,,4.0,0.0,6.4,11.73913043,4.4,2.0,64.28571429,3.0,0.155862697,92.31230624,0,0,1,33.33333333,0,0,1,0,25,1,0,0,33.33333333,5332848.0,0.55412805,0.833271887,0.0,0.0,0,0.0,0.0,0,0,0.0,29.0,1,0,0,1,,0,20,21.121965,-101.6829766
92,Curitiba,South America,Brazil,1773718,20.15337001,23.69950466,8.618888889,37.60046061,117.99,2.442857143,3.658639759,1468.0,10.0,1.660917914,0.294047501,4830.0,,,,23.19,31.98333333,,,2.1,,,12.75,0.718829036,64.54483604,1,0,0,33.33333333,0,0,0,0,0,1,1,0,66.66666667,2477761.0,0.279386126,0.401842424,780.0,466279.0,0,0.439754234,1.637790657,0,1,11.11111111,15.58,1,1,0,1,0.322567288,2,50,-25.4295963,-49.2712724
93,Rio de Janeiro,South America,Brazil,6730660,19.6569717,4.663681983,19.77777778,38.33333333,91.0,0.983252296,0.830375879,64.08,14487.0,2.171430439,0.384428207,9255.0,195.0,2.106969206,2.103605827,35.0,51.66666667,,,1.0,,,,,,0,0,1,33.33333333,0,0,1,0,25,1,1,1,100.0,,,,6700.0,5000000.0,0,0.995444726,2.044571662,0,2,22.22222222,7.78,1,0,0,0,0.084062669,1,20,-22.9110137,-43.2093727
94,Kisumu,Africa,Kenya,567983,19.21484313,4.0,25.95859213,30.0,10.5,,,0.0,0.0,0.0,0.0,,,,,27.0,38.33333333,4.3,7.173913043,3.0,1.3,59.28571429,,,,1,0,0,33.33333333,0,0,1,0,25,1,1,0,66.66666667,,,,0.0,0.0,0,0.0,0.0,0,0,0.0,10.5,1,0,1,0,,0,20,-0.1029109,34.7541761
95,Córdoba,South America,Argentina,1505250,18.3897575,20.88100236,20.26570048,10.83333333,111.0,2.361702128,3.501386377,334.0,0.0,0.443780103,0.078566454,4700.0,,,,,,8.0,15.2173913,8.0,0.0,50.0,2.8,0.186015612,90.82505896,0,0,0,0.0,0,0,1,0,25,1,0,0,33.33333333,,,,210.0,110000.0,0,0.139511709,1.435094586,0,1,11.11111111,2.18,0,0,0,0,0.046382979,1,10,-31.4166867,-64.1834193
96,Aguascalientes,South America,Mexico,895848,17.28850557,17.26658671,0.80884058,33.593359,96.9,3.666288309,6.029271909,165.0,300.0,0.7032443,0.124501776,2643.0,,,,4.47,0.783333333,2.5,3.260869565,,,,3.6,0.401853886,80.17915986,0,1,1,66.66666667,0,0,0,0,0,1,1,0,66.66666667,3072048.87,0.685841542,1.040102649,0.0,0.0,0,0.0,0.0,0,0,0.0,,0,0,0,0,,0,0,21.880487,-102.2967195
97,Riga,Europe,Latvia,591882,16.39815354,6.071786939,21.4068323,26.44572497,164.0,,,600.0,0.0,2.027431143,0.358934693,,,,,,,9.0,17.39130435,3.45,5.55,89.64285714,12.0,2.027431143,0.0,0,0,0,0.0,0,0,0,0,0,1,1,0,66.66666667,17250000.0,5.828864537,9.116233217,250.0,11300.0,0,0.422381488,0.123835616,0,0,0.0,31.0,1,1,1,0,,0,30,56.9493977,24.1051846
98,Addis Ababa,Africa,Ethiopia,5005524,15.49293812,8.138781977,12.14285714,35.0,60.0,0.912825194,0.693909883,0.0,0.0,0.0,0.0,6573.0,,,,,,1.0,0.0,3.0,-2.0,35.71428571,,,,1,0,0,33.33333333,0,0,1,0,25,1,1,0,66.66666667,,,,0.0,0.0,0,0.0,0.0,0,0,0.0,60.0,1,0,0,0,0.912825194,3,40,9.0358287,38.7524127
99,Nairobi,Africa,Kenya,4397073,14.16794465,4.000322104,12.71014493,30.15773633,20.0,,,0.0,40.0,0.009096961,0.001610518,,,,,27.0,38.33333333,1.1,0.217391304,,,,,,,1,0,0,33.33333333,0,0,1,0,25,1,1,0,66.66666667,9350000.0,0.42528291,0.630945323,0.0,0.0,0,0.0,0.0,0,0,0.0,0.0,1,0,1,0,,0,20,-1.2890006,36.8172812
100,Ouagadougou,Africa,Burkina Faso,3204000,11.86348936,3.671159296,7.173913043,27.5,111.94,4.866956522,8.355796479,0.0,0.0,0.0,0.0,2300.0,,,,,,6.0,10.86956522,13.0,-7.0,0.0,,,,1,0,0,33.33333333,0,0,1,0,25,1,1,0,66.66666667,,,,0.0,0.0,0,0.0,0.0,0,0,0.0,,0,0,1,0,,0,10,12.3681873,-1.5270944
